Ciudad;Placa (COP);Cancha (COP);Cubierta (COP);Año
Bogotá;40000000;100000000;60000000;2026
Medellín;40000000;100000000;60000000;2026
Cali;40000000;100000000;60000000;2026
Barranquilla;40000000;100000000;60000000;2026
Cartagena;40000000;100000000;60000000;2026
Cúcuta;38000000;95000000;57000000;2026
Bucaramanga;38000000;95000000;57000000;2026
Soledad;38000000;95000000;57000000;2026
Ibagué;38000000;95000000;57000000;2026
Soacha;38000000;95000000;57000000;2026
Santa Marta;38000000;95000000;57000000;2026
Villavicencio;38000000;95000000;57000000;2026
Valledupar;36000000;90000000;54000000;2026
Montería;36000000;90000000;54000000;2026
Manizales;36000000;90000000;54000000;2026
Pereira;36000000;90000000;54000000;2026
Neiva;36000000;90000000;54000000;2026
Armenia;36000000;90000000;54000000;2026
Pasto;36000000;90000000;54000000;2026
Popayán;36000000;90000000;54000000;2026
Sincelejo;36000000;90000000;54000000;2026
Itagüí;36000000;90000000;54000000;2026
Floridablanca;36000000;90000000;54000000;2026
Envigado;36000000;90000000;54000000;2026
Palmira;36000000;90000000;54000000;2026
Tuluá;36000000;90000000;54000000;2026
Riohacha;36000000;90000000;54000000;2026
Dosquebradas;36000000;90000000;54000000;2026
Tunja;36000000;90000000;54000000;2026
Quibdó;36000000;90000000;54000000;2026
Buenaventura;36000000;90000000;54000000;2026
Girón;36000000;90000000;54000000;2026
Yopal;36000000;90000000;54000000;2026
Facatativá;36000000;90000000;54000000;2026
Zipaquirá;36000000;90000000;54000000;2026
Jamundí;36000000;90000000;54000000;2026
Rionegro;36000000;90000000;54000000;2026
Magangué;36000000;90000000;54000000;2026
Maicao;36000000;90000000;54000000;2026
Pitalito;36000000;90000000;54000000;2026
Cereté;36000000;90000000;54000000;2026
Fusagasugá;36000000;90000000;54000000;2026
Ciénaga;36000000;90000000;54000000;2026
Buga;36000000;90000000;54000000;2026
Florencia;36000000;90000000;54000000;2026
Turbo;36000000;90000000;54000000;2026
Chía;36000000;90000000;54000000;2026
Sogamoso;36000000;90000000;54000000;2026
Duitama;36000000;90000000;54000000;2026
